"Qty";"Value";"Device";"Package";"Parts";"Description";"COPYRIGHT";"DIGI-KEY_PART_NUMBER_1";"MANUFACTURER_PART_NUMBER";"MFR_NAME";
"1";"";"HEADER_MALE-1X8ROUND-RA";"1X08_ROUND_RA";"JP1";"PIN HEADER";"";"";"";"";
"2";"220";"RESISTOR-US-0204/5";"RESISTOR_0204/5";"R1, R2";"RESISTOR, American symbol";"";"";"";"";
"2";"G3VM-41AY1";"G3VM-41AY1";"A-DIP4_THD_OMR";"K1, K2";"";"Copyright (C) 2022 Ultra Librarian. All rights reserved.";"Z5417-ND";"G3VM-41AY1";"Omron";
"1";"MILADOR-DEVICE-M5-ACCESS-SWITCH";"MILADOR-DEVICE-M5-ACCESS-SWITCH";"MILADOR_M5_ACCESS_SWITCH";"LABEL_DEVICE_TOP";"";"";"";"";"";
"1";"MILADOR-LOGO-SM";"MILADOR-LOGO-SM";"MILADOR_LOGO2";"LABEL_LOGO_TOP";"";"";"";"";"";
"1";"MILADOR-SWITCH-NAME-SW-OUTPUT";"MILADOR-SWITCH-NAME-SW-OUTPUT";"SWITCH-OUTPUT";"LABEL_OUTPUT_TOP";"";"";"";"";"";
"2";"SJ-43514";"SJ-43514";"CUI_SJ-43514";"SW1, SW2";"";"";"";"";"";
"2";"STANDOFF_ELECTRICAL-2.5-TH";"STANDOFF_ELECTRICAL-2.5-TH";"STANDOFF-ELECTRICAL-2.5-TH";"H1, H2";"Stand Off";"";"";"";"";
